CustomerID,CustomerName,Email,FirstOrder,LastOrder,Orders
CUST0001,Sofia Garcia,sofia.garcia@example.com,2025-04-01,2025-04-01,1
CUST0002,Leila Patel,leila.patel@example.com,2025-04-01,2025-04-01,1
CUST0003,Isabella Davis,isabella.davis@example.com,2025-04-01,2025-04-01,1
CUST0004,Isabella Johnson,isabella.johnson@example.com,2025-04-01,2025-04-01,1
CUST0005,Sofia Garcia,sofia.garcia@example.com,2025-04-01,2025-04-01,1
CUST0006,Leila Patel,leila.patel@example.com,2025-04-01,2025-04-01,1
CUST0007,Isabella Davis,isabella.davis@example.com,2025-04-01,2025-04-01,1
CUST0008,Isabella Johnson,isabella.johnson@example.com,2025-04-01,2025-04-01,1
CUST0009,Jamal Smith,jamal.smith@example.com,2025-04-02,2025-04-02,1
CUST0010,Chloe Khan,chloe.khan@example.com,2025-04-03,2025-04-03,1
CUST0011,Emily Brown,emily.brown@example.com,2025-04-03,2025-04-03,1
CUST0012,Hassan Davis,hassan.davis@example.com,2025-04-03,2025-04-03,1
CUST0013,Priya Garcia,priya.garcia@example.com,2025-04-04,2025-04-04,1
CUST0014,Leila Young,leila.young@example.com,2025-04-05,2025-04-05,1
CUST0015,Linh Ramirez,linh.ramirez@example.com,2025-04-05,2025-04-05,1
CUST0016,Leila Ramirez,leila.ramirez@example.com,2025-04-06,2025-04-06,1
CUST0017,Miguel Wilson,miguel.wilson@example.com,2025-04-06,2025-04-06,1
CUST0018,Raj Wilson,raj.wilson@example.com,2025-04-07,2025-04-07,1
CUST0019,Mateo Martinez,mateo.martinez@example.com,2025-04-08,2025-04-08,1
CUST0020,Tariq Kim,tariq.kim@example.com,2025-04-08,2025-04-08,1
CUST0021,Chloe Nguyen,chloe.nguyen@example.com,2025-04-08,2025-04-08,1
CUST0022,Mei Khan,mei.khan@example.com,2025-04-09,2025-04-09,1
CUST0023,Sofia Lee,sofia.lee@example.com,2025-04-10,2025-04-10,1
CUST0024,Chloe Lopez,chloe.lopez@example.com,2025-04-10,2025-04-10,1
CUST0025,Emily Brown,emily.brown@example.com,2025-04-10,2025-04-10,1
CUST0026,Priya Garcia,priya.garcia@example.com,2025-04-11,2025-04-11,1
CUST0027,Daniel Kim,daniel.kim@example.com,2025-04-11,2025-04-11,1
CUST0028,Daniel Wang,daniel.wang@example.com,2025-04-11,2025-04-11,1
CUST0029,Leila Ramirez,leila.ramirez@example.com,2025-04-11,2025-04-11,1
CUST0030,Linh Ramirez,linh.ramirez@example.com,2025-04-11,2025-04-11,1
CUST0031,Sofia Smith,sofia.smith@example.com,2025-04-11,2025-04-11,1
CUST0032,Mei Patel,mei.patel@example.com,2025-04-11,2025-04-11,1
CUST0033,Daniel Lopez,daniel.lopez@example.com,2025-04-11,2025-04-11,1
CUST0034,Tariq Wang,tariq.wang@example.com,2025-04-11,2025-04-11,1
CUST0035,Jamal Smith,jamal.smith@example.com,2025-04-11,2025-04-11,1
CUST0036,Noah Moore,noah.moore@example.com,2025-04-11,2025-04-11,1
CUST0037,Raj Kim,raj.kim@example.com,2025-04-11,2025-04-11,1
CUST0038,Mateo Kim,mateo.kim@example.com,2025-04-11,2025-04-11,1
CUST0039,Isabella Davis,isabella.davis@example.com,2025-04-11,2025-04-11,1
CUST0040,Leila Nguyen,leila.nguyen@example.com,2025-04-11,2025-04-11,1
CUST0041,Chloe Lopez,chloe.lopez@example.com,2025-04-11,2025-04-11,1
CUST0042,Priya Wilson,priya.wilson@example.com,2025-04-11,2025-04-11,1
CUST0043,Mateo Moore,mateo.moore@example.com,2025-04-11,2025-04-11,1
CUST0044,Chloe Lopez,chloe.lopez@example.com,2025-04-11,2025-04-11,1
CUST0045,Leila Nguyen,leila.nguyen@example.com,2025-04-12,2025-04-12,1
CUST0046,Daniel Nguyen,daniel.nguyen@example.com,2025-04-12,2025-04-12,1
CUST0047,Chloe Khan,chloe.khan@example.com,2025-04-12,2025-04-12,1
CUST0048,Hassan Young,hassan.young@example.com,2025-04-12,2025-04-12,1
CUST0049,Chloe Moore,chloe.moore@example.com,2025-04-12,2025-04-12,1
CUST0050,Raj Kim,raj.kim@example.com,2025-04-12,2025-04-12,1
CUST0051,Miguel Ali,miguel.ali@example.com,2025-04-12,2025-04-12,1
CUST0052,Linh Ramirez,linh.ramirez@example.com,2025-04-12,2025-04-12,1
CUST0053,Mei Khan,mei.khan@example.com,2025-04-12,2025-04-12,1
CUST0054,Leila Patel,leila.patel@example.com,2025-04-12,2025-04-12,1
CUST0055,Hassan Young,hassan.young@example.com,2025-04-12,2025-04-12,1
CUST0056,Daniel Lopez,daniel.lopez@example.com,2025-04-12,2025-04-12,1
CUST0057,Chloe Nguyen,chloe.nguyen@example.com,2025-04-12,2025-04-12,1
CUST0058,Miguel Wilson,miguel.wilson@example.com,2025-04-12,2025-04-12,1
CUST0059,Tariq Ali,tariq.ali@example.com,2025-04-12,2025-04-12,1
CUST0060,Chloe Khan,chloe.khan@example.com,2025-04-12,2025-04-12,1
CUST0061,Mateo Moore,mateo.moore@example.com,2025-04-12,2025-04-12,1
CUST0062,Leila Brown,leila.brown@example.com,2025-04-12,2025-04-12,1
CUST0063,Jamal Moore,jamal.moore@example.com,2025-04-12,2025-04-12,1
CUST0064,Hassan Kim,hassan.kim@example.com,2025-04-13,2025-04-13,1
CUST0065,Linh Ramirez,linh.ramirez@example.com,2025-04-13,2025-04-13,1
CUST0066,Leila Moore,leila.moore@example.com,2025-04-13,2025-04-13,1
CUST0067,Daniel Nguyen,daniel.nguyen@example.com,2025-04-13,2025-04-13,1
CUST0068,Daniel Lopez,daniel.lopez@example.com,2025-04-13,2025-04-13,1
CUST0069,Miguel Smith,miguel.smith@example.com,2025-04-13,2025-04-13,1
CUST0070,Mateo Wang,mateo.wang@example.com,2025-04-13,2025-04-13,1
CUST0071,Mei Patel,mei.patel@example.com,2025-04-13,2025-04-13,1
CUST0072,Chloe Smith,chloe.smith@example.com,2025-04-13,2025-04-13,1
CUST0073,Isabella Anderson,isabella.anderson@example.com,2025-04-13,2025-04-13,1
CUST0074,Miguel Ali,miguel.ali@example.com,2025-04-13,2025-04-13,1
CUST0075,Isabella Anderson,isabella.anderson@example.com,2025-04-13,2025-04-13,1
CUST0076,Chloe Khan,chloe.khan@example.com,2025-04-14,2025-04-14,1
CUST0077,Raj Wilson,raj.wilson@example.com,2025-04-14,2025-04-14,1
CUST0078,Chloe Smith,chloe.smith@example.com,2025-04-14,2025-04-14,1
CUST0079,Chloe Moore,chloe.moore@example.com,2025-04-14,2025-04-14,1
CUST0080,Mateo Kim,mateo.kim@example.com,2025-04-14,2025-04-14,1
CUST0081,Sofia Smith,sofia.smith@example.com,2025-04-14,2025-04-14,1
CUST0082,Mateo Khan,mateo.khan@example.com,2025-04-14,2025-04-14,1
CUST0083,Linh Ramirez,linh.ramirez@example.com,2025-04-14,2025-04-14,1
CUST0084,Jamal Smith,jamal.smith@example.com,2025-04-14,2025-04-14,1
CUST0085,Aisha Davis,aisha.davis@example.com,2025-04-14,2025-04-14,1
CUST0086,Tariq Lee,tariq.lee@example.com,2025-04-14,2025-04-14,1
CUST0087,Grace Martinez,grace.martinez@example.com,2025-04-14,2025-04-14,1
CUST0088,Hassan Johnson,hassan.johnson@example.com,2025-04-15,2025-04-15,1
CUST0089,Sofia Garcia,sofia.garcia@example.com,2025-04-15,2025-04-15,1
CUST0090,Jamal Smith,jamal.smith@example.com,2025-04-15,2025-04-15,1
CUST0091,Daniel Lopez,daniel.lopez@example.com,2025-04-15,2025-04-15,1
CUST0092,Mateo Kim,mateo.kim@example.com,2025-04-15,2025-04-15,1
CUST0093,Daniel Nguyen,daniel.nguyen@example.com,2025-04-15,2025-04-15,1
CUST0094,Noah Moore,noah.moore@example.com,2025-04-15,2025-04-15,1
CUST0095,Isabella Lee,isabella.lee@example.com,2025-04-15,2025-04-15,1
CUST0096,Daniel Nguyen,daniel.nguyen@example.com,2025-04-15,2025-04-15,1
CUST0097,Daniel Wang,daniel.wang@example.com,2025-04-15,2025-04-15,1
CUST0098,Tariq Lee,tariq.lee@example.com,2025-04-15,2025-04-15,1
CUST0099,Leila Patel,leila.patel@example.com,2025-04-15,2025-04-15,1
CUST0100,Leila Nguyen,leila.nguyen@example.com,2025-04-15,2025-04-15,1
CUST0101,Chloe Moore,chloe.moore@example.com,2025-04-15,2025-04-15,1
CUST0102,Isabella Johnson,isabella.johnson@example.com,2025-04-15,2025-04-15,1
CUST0103,Grace Khan,grace.khan@example.com,2025-04-15,2025-04-15,1
CUST0104,Leila Nguyen,leila.nguyen@example.com,2025-04-16,2025-04-16,1
CUST0105,Noah Anderson,noah.anderson@example.com,2025-04-16,2025-04-16,1
CUST0106,Leila Moore,leila.moore@example.com,2025-04-16,2025-04-16,1
CUST0107,Tariq Wang,tariq.wang@example.com,2025-04-16,2025-04-16,1
CUST0108,Hassan Davis,hassan.davis@example.com,2025-04-16,2025-04-16,1
CUST0109,Aisha Ramirez,aisha.ramirez@example.com,2025-04-16,2025-04-16,1
CUST0110,Mateo Nguyen,mateo.nguyen@example.com,2025-04-16,2025-04-16,1
CUST0111,Raj Wang,raj.wang@example.com,2025-04-16,2025-04-16,1
CUST0112,Daniel Lopez,daniel.lopez@example.com,2025-04-16,2025-04-16,1
CUST0113,Leila Chen,leila.chen@example.com,2025-04-16,2025-04-16,1
CUST0114,Noah Anderson,noah.anderson@example.com,2025-04-16,2025-04-16,1
CUST0115,Hassan Young,hassan.young@example.com,2025-04-16,2025-04-16,1
CUST0116,Daniel Wang,daniel.wang@example.com,2025-04-16,2025-04-16,1
CUST0117,Tariq Wang,tariq.wang@example.com,2025-04-16,2025-04-16,1
CUST0118,Isabella Davis,isabella.davis@example.com,2025-04-16,2025-04-16,1
CUST0119,Jamal Smith,jamal.smith@example.com,2025-04-16,2025-04-16,1
CUST0120,Aisha Ramirez,aisha.ramirez@example.com,2025-04-16,2025-04-16,1
CUST0121,Linh Ramirez,linh.ramirez@example.com,2025-04-16,2025-04-16,1
CUST0122,Priya Wilson,priya.wilson@example.com,2025-04-16,2025-04-16,1
CUST0123,Noah Wang,noah.wang@example.com,2025-04-16,2025-04-16,1
CUST0124,Jin Ramirez,jin.ramirez@example.com,2025-04-16,2025-04-16,1
CUST0125,Emily Kim,emily.kim@example.com,2025-04-17,2025-04-17,1
CUST0126,Linh Ramirez,linh.ramirez@example.com,2025-04-17,2025-04-17,1
CUST0127,Mateo Wang,mateo.wang@example.com,2025-04-17,2025-04-17,1
CUST0128,Kenji Kim,kenji.kim@example.com,2025-04-17,2025-04-17,1
CUST0129,Miguel Davis,miguel.davis@example.com,2025-04-17,2025-04-17,1
CUST0130,Kenji Wilson,kenji.wilson@example.com,2025-04-17,2025-04-17,1
CUST0131,Isabella Anderson,isabella.anderson@example.com,2025-04-17,2025-04-17,1
CUST0132,Leila Moore,leila.moore@example.com,2025-04-17,2025-04-17,1
CUST0133,Emily Kim,emily.kim@example.com,2025-04-17,2025-04-17,1
CUST0134,Leila Ramirez,leila.ramirez@example.com,2025-04-17,2025-04-17,1
CUST0135,Hassan Young,hassan.young@example.com,2025-04-17,2025-04-17,1
CUST0136,Mei Patel,mei.patel@example.com,2025-04-17,2025-04-17,1
CUST0137,Raj Wang,raj.wang@example.com,2025-04-17,2025-04-17,1
CUST0138,Priya Lee,priya.lee@example.com,2025-04-17,2025-04-17,1
CUST0139,Noah Wang,noah.wang@example.com,2025-04-17,2025-04-17,1
CUST0140,Chloe Moore,chloe.moore@example.com,2025-04-17,2025-04-17,1
CUST0141,Leila Young,leila.young@example.com,2025-04-17,2025-04-17,1
CUST0142,Tariq Lee,tariq.lee@example.com,2025-04-17,2025-04-17,1
CUST0143,Aisha Ramirez,aisha.ramirez@example.com,2025-04-18,2025-04-18,1
CUST0144,Chloe Lopez,chloe.lopez@example.com,2025-04-18,2025-04-18,1
CUST0145,Sofia Garcia,sofia.garcia@example.com,2025-04-18,2025-04-18,1
CUST0146,Noah Anderson,noah.anderson@example.com,2025-04-18,2025-04-18,1
CUST0147,Raj Kim,raj.kim@example.com,2025-04-18,2025-04-18,1
CUST0148,Mateo Khan,mateo.khan@example.com,2025-04-18,2025-04-18,1
CUST0149,Priya Lee,priya.lee@example.com,2025-04-18,2025-04-18,1
CUST0150,Hassan Kim,hassan.kim@example.com,2025-04-18,2025-04-18,1
CUST0151,Isabella Davis,isabella.davis@example.com,2025-04-18,2025-04-18,1
CUST0152,Tariq Wang,tariq.wang@example.com,2025-04-18,2025-04-18,1
CUST0153,Kenji Kim,kenji.kim@example.com,2025-04-18,2025-04-18,1
CUST0154,Raj Wang,raj.wang@example.com,2025-04-18,2025-04-18,1
CUST0155,Hassan Ali,hassan.ali@example.com,2025-04-18,2025-04-18,1
CUST0156,Kenji Kim,kenji.kim@example.com,2025-04-18,2025-04-18,1
CUST0157,Priya Garcia,priya.garcia@example.com,2025-04-18,2025-04-18,1
CUST0158,Noah Moore,noah.moore@example.com,2025-04-19,2025-04-19,1
CUST0159,Priya Lee,priya.lee@example.com,2025-04-19,2025-04-19,1
CUST0160,Hassan Kim,hassan.kim@example.com,2025-04-19,2025-04-19,1
CUST0161,Miguel Smith,miguel.smith@example.com,2025-04-19,2025-04-19,1
CUST0162,Leila Young,leila.young@example.com,2025-04-19,2025-04-19,1
CUST0163,Chloe Smith,chloe.smith@example.com,2025-04-19,2025-04-19,1
CUST0164,Leila Patel,leila.patel@example.com,2025-04-19,2025-04-19,1
CUST0165,Hassan Ali,hassan.ali@example.com,2025-04-19,2025-04-19,1
CUST0166,Raj Martinez,raj.martinez@example.com,2025-04-19,2025-04-19,1
CUST0167,Chloe Nguyen,chloe.nguyen@example.com,2025-04-19,2025-04-19,1
CUST0168,Noah Moore,noah.moore@example.com,2025-04-19,2025-04-19,1
CUST0169,Mateo Kim,mateo.kim@example.com,2025-04-19,2025-04-19,1
CUST0170,Kenji Wilson,kenji.wilson@example.com,2025-04-19,2025-04-19,1
CUST0171,Aisha Davis,aisha.davis@example.com,2025-04-19,2025-04-19,1
CUST0172,Emily Kim,emily.kim@example.com,2025-04-19,2025-04-19,1
CUST0173,Miguel Smith,miguel.smith@example.com,2025-04-20,2025-04-20,1
CUST0174,Isabella Lee,isabella.lee@example.com,2025-04-20,2025-04-20,1
CUST0175,Hassan Young,hassan.young@example.com,2025-04-20,2025-04-20,1
CUST0176,Hassan Kim,hassan.kim@example.com,2025-04-20,2025-04-20,1
CUST0177,Linh Ramirez,linh.ramirez@example.com,2025-04-20,2025-04-20,1
CUST0178,Noah Moore,noah.moore@example.com,2025-04-20,2025-04-20,1
CUST0179,Noah Wang,noah.wang@example.com,2025-04-20,2025-04-20,1
CUST0180,Leila Brown,leila.brown@example.com,2025-04-20,2025-04-20,1
CUST0181,Noah Garcia,noah.garcia@example.com,2025-04-20,2025-04-20,1
CUST0182,Tariq Kim,tariq.kim@example.com,2025-04-20,2025-04-20,1
CUST0183,Isabella Anderson,isabella.anderson@example.com,2025-04-20,2025-04-20,1
CUST0184,Leila Patel,leila.patel@example.com,2025-04-20,2025-04-20,1
CUST0185,Chloe Lopez,chloe.lopez@example.com,2025-04-20,2025-04-20,1
CUST0186,Leila Patel,leila.patel@example.com,2025-04-20,2025-04-20,1
CUST0187,Daniel Lopez,daniel.lopez@example.com,2025-04-20,2025-04-20,1
CUST0188,Priya Lee,priya.lee@example.com,2025-04-20,2025-04-20,1
CUST0189,Priya Lee,priya.lee@example.com,2025-04-21,2025-04-21,1
CUST0190,Daniel Nguyen,daniel.nguyen@example.com,2025-04-21,2025-04-21,1
CUST0191,Jamal Anderson,jamal.anderson@example.com,2025-04-21,2025-04-21,1
CUST0192,Isabella Johnson,isabella.johnson@example.com,2025-04-21,2025-04-21,1
CUST0193,Jamal Martinez,jamal.martinez@example.com,2025-04-21,2025-04-21,1
CUST0194,Grace Martinez,grace.martinez@example.com,2025-04-21,2025-04-21,1
CUST0195,Tariq Wang,tariq.wang@example.com,2025-04-21,2025-04-21,1
CUST0196,Daniel Lopez,daniel.lopez@example.com,2025-04-21,2025-04-21,1
CUST0197,Linh Ramirez,linh.ramirez@example.com,2025-04-21,2025-04-21,1
CUST0198,Daniel Lopez,daniel.lopez@example.com,2025-04-21,2025-04-21,1
CUST0199,Aisha Ramirez,aisha.ramirez@example.com,2025-04-21,2025-04-21,1
CUST0200,Mateo Smith,mateo.smith@example.com,2025-04-21,2025-04-21,1
CUST0201,Daniel Lopez,daniel.lopez@example.com,2025-04-21,2025-04-21,1
CUST0202,Chloe Lopez,chloe.lopez@example.com,2025-04-22,2025-04-22,1
CUST0203,Leila Young,leila.young@example.com,2025-04-22,2025-04-22,1
CUST0204,Jamal Ali,jamal.ali@example.com,2025-04-22,2025-04-22,1
CUST0205,Mei Patel,mei.patel@example.com,2025-04-22,2025-04-22,1
CUST0206,Raj Wilson,raj.wilson@example.com,2025-04-22,2025-04-22,1
CUST0207,Leila Patel,leila.patel@example.com,2025-04-22,2025-04-22,1
CUST0208,Aisha Brown,aisha.brown@example.com,2025-04-22,2025-04-22,1
CUST0209,Hassan Davis,hassan.davis@example.com,2025-04-22,2025-04-22,1
CUST0210,Aisha Ramirez,aisha.ramirez@example.com,2025-04-22,2025-04-22,1
CUST0211,Mei Khan,mei.khan@example.com,2025-04-22,2025-04-22,1
CUST0212,Kenji Wilson,kenji.wilson@example.com,2025-04-22,2025-04-22,1
CUST0213,Emily Brown,emily.brown@example.com,2025-04-22,2025-04-22,1
CUST0214,Noah Moore,noah.moore@example.com,2025-04-22,2025-04-22,1
CUST0215,Grace Smith,grace.smith@example.com,2025-04-22,2025-04-22,1
CUST0216,Jin Ramirez,jin.ramirez@example.com,2025-04-23,2025-04-23,1
CUST0217,Daniel Nguyen,daniel.nguyen@example.com,2025-04-23,2025-04-23,1
CUST0218,Mateo Martinez,mateo.martinez@example.com,2025-04-23,2025-04-23,1
CUST0219,Priya Lee,priya.lee@example.com,2025-04-23,2025-04-23,1
CUST0220,Priya Garcia,priya.garcia@example.com,2025-04-23,2025-04-23,1
CUST0221,Aisha Brown,aisha.brown@example.com,2025-04-23,2025-04-23,1
CUST0222,Chloe Wilson,chloe.wilson@example.com,2025-04-23,2025-04-23,1
CUST0223,Isabella Johnson,isabella.johnson@example.com,2025-04-23,2025-04-23,1
CUST0224,Priya Wilson,priya.wilson@example.com,2025-04-23,2025-04-23,1
CUST0225,Leila Moore,leila.moore@example.com,2025-04-23,2025-04-23,1
CUST0226,Grace Khan,grace.khan@example.com,2025-04-23,2025-04-23,1
CUST0227,Kenji Davis,kenji.davis@example.com,2025-04-23,2025-04-23,1
CUST0228,Kenji Wilson,kenji.wilson@example.com,2025-04-23,2025-04-23,1
CUST0229,Leila Brown,leila.brown@example.com,2025-04-24,2025-04-24,1
CUST0230,Daniel Nguyen,daniel.nguyen@example.com,2025-04-24,2025-04-24,1
CUST0231,Miguel Smith,miguel.smith@example.com,2025-04-24,2025-04-24,1
CUST0232,Leila Nguyen,leila.nguyen@example.com,2025-04-24,2025-04-24,1
CUST0233,Emily Moore,emily.moore@example.com,2025-04-24,2025-04-24,1
CUST0234,Kenji Wilson,kenji.wilson@example.com,2025-04-24,2025-04-24,1
CUST0235,Sofia Smith,sofia.smith@example.com,2025-04-24,2025-04-24,1
CUST0236,Grace Martinez,grace.martinez@example.com,2025-04-24,2025-04-24,1
CUST0237,Leila Ramirez,leila.ramirez@example.com,2025-04-24,2025-04-24,1
CUST0238,Hassan Kim,hassan.kim@example.com,2025-04-24,2025-04-24,1
CUST0239,Miguel Smith,miguel.smith@example.com,2025-04-24,2025-04-24,1
CUST0240,Emily Brown,emily.brown@example.com,2025-04-24,2025-04-24,1
CUST0241,Mateo Khan,mateo.khan@example.com,2025-04-24,2025-04-24,1
CUST0242,Kenji Kim,kenji.kim@example.com,2025-04-24,2025-04-24,1
CUST0243,Jin Wilson,jin.wilson@example.com,2025-04-24,2025-04-24,1
CUST0244,Leila Brown,leila.brown@example.com,2025-04-25,2025-04-25,1
CUST0245,Chloe Moore,chloe.moore@example.com,2025-04-25,2025-04-25,1
CUST0246,Isabella Johnson,isabella.johnson@example.com,2025-04-25,2025-04-25,1
CUST0247,Miguel Davis,miguel.davis@example.com,2025-04-25,2025-04-25,1
CUST0248,Jamal Ali,jamal.ali@example.com,2025-04-25,2025-04-25,1
CUST0249,Priya Khan,priya.khan@example.com,2025-04-25,2025-04-25,1
CUST0250,Linh Ramirez,linh.ramirez@example.com,2025-04-25,2025-04-25,1
CUST0251,Hassan Young,hassan.young@example.com,2025-04-25,2025-04-25,1
CUST0252,Leila Nguyen,leila.nguyen@example.com,2025-04-25,2025-04-25,1
CUST0253,Jamal Moore,jamal.moore@example.com,2025-04-25,2025-04-25,1
CUST0254,Linh Ramirez,linh.ramirez@example.com,2025-04-25,2025-04-25,1
CUST0255,Priya Garcia,priya.garcia@example.com,2025-04-25,2025-04-25,1
CUST0256,Aisha Davis,aisha.davis@example.com,2025-04-25,2025-04-25,1
CUST0257,Sofia Smith,sofia.smith@example.com,2025-04-26,2025-04-26,1
CUST0258,Leila Young,leila.young@example.com,2025-04-26,2025-04-26,1
CUST0259,Miguel Davis,miguel.davis@example.com,2025-04-26,2025-04-26,1
CUST0260,Daniel Nguyen,daniel.nguyen@example.com,2025-04-26,2025-04-26,1
CUST0261,Daniel Nguyen,daniel.nguyen@example.com,2025-04-26,2025-04-26,1
CUST0262,Priya Lee,priya.lee@example.com,2025-04-26,2025-04-26,1
CUST0263,Tariq Lee,tariq.lee@example.com,2025-04-26,2025-04-26,1
CUST0264,Miguel Wilson,miguel.wilson@example.com,2025-04-26,2025-04-26,1
CUST0265,Miguel Wilson,miguel.wilson@example.com,2025-04-26,2025-04-26,1
CUST0266,Miguel Ali,miguel.ali@example.com,2025-04-26,2025-04-26,1
CUST0267,Linh Ramirez,linh.ramirez@example.com,2025-04-26,2025-04-26,1
CUST0268,Jamal Ali,jamal.ali@example.com,2025-04-26,2025-04-26,1
CUST0269,Noah Wang,noah.wang@example.com,2025-04-26,2025-04-26,1
CUST0270,Kenji Davis,kenji.davis@example.com,2025-04-26,2025-04-26,1
CUST0271,Jin Wilson,jin.wilson@example.com,2025-04-26,2025-04-26,1
CUST0272,Daniel Lopez,daniel.lopez@example.com,2025-04-26,2025-04-26,1
CUST0273,Priya Garcia,priya.garcia@example.com,2025-04-26,2025-04-26,1
CUST0274,Hassan Young,hassan.young@example.com,2025-04-26,2025-04-26,1
CUST0275,Isabella Lee,isabella.lee@example.com,2025-04-26,2025-04-26,1
CUST0276,Priya Garcia,priya.garcia@example.com,2025-04-26,2025-04-26,1
CUST0277,Sofia Lee,sofia.lee@example.com,2025-04-26,2025-04-26,1
CUST0278,Aisha Ramirez,aisha.ramirez@example.com,2025-04-26,2025-04-26,1
CUST0279,Isabella Anderson,isabella.anderson@example.com,2025-04-27,2025-04-27,1
CUST0280,Grace Khan,grace.khan@example.com,2025-04-27,2025-04-27,1
CUST0281,Noah Moore,noah.moore@example.com,2025-04-27,2025-04-27,1
CUST0282,Priya Wilson,priya.wilson@example.com,2025-04-27,2025-04-27,1
CUST0283,Noah Moore,noah.moore@example.com,2025-04-27,2025-04-27,1
CUST0284,Isabella Anderson,isabella.anderson@example.com,2025-04-27,2025-04-27,1
CUST0285,Noah Moore,noah.moore@example.com,2025-04-27,2025-04-27,1
CUST0286,Noah Wang,noah.wang@example.com,2025-04-27,2025-04-27,1
CUST0287,Emily Kim,emily.kim@example.com,2025-04-27,2025-04-27,1
CUST0288,Miguel Wilson,miguel.wilson@example.com,2025-04-27,2025-04-27,1
CUST0289,Mei Chen,mei.chen@example.com,2025-04-28,2025-04-28,1
CUST0290,Emily Brown,emily.brown@example.com,2025-04-28,2025-04-28,1
CUST0291,Linh Ramirez,linh.ramirez@example.com,2025-04-28,2025-04-28,1
CUST0292,Aisha Ramirez,aisha.ramirez@example.com,2025-04-28,2025-04-28,1
CUST0293,Daniel Lopez,daniel.lopez@example.com,2025-04-28,2025-04-28,1
CUST0294,Leila Patel,leila.patel@example.com,2025-04-28,2025-04-28,1
CUST0295,Mei Chen,mei.chen@example.com,2025-04-28,2025-04-28,1
CUST0296,Daniel Lopez,daniel.lopez@example.com,2025-04-28,2025-04-28,1
CUST0297,Mateo Wang,mateo.wang@example.com,2025-04-28,2025-04-28,1
CUST0298,Jamal Ali,jamal.ali@example.com,2025-04-28,2025-04-28,1
CUST0299,Emily Moore,emily.moore@example.com,2025-04-28,2025-04-28,1
CUST0300,Mei Khan,mei.khan@example.com,2025-04-28,2025-04-28,1
CUST0301,Aisha Davis,aisha.davis@example.com,2025-04-28,2025-04-28,1
CUST0302,Chloe Smith,chloe.smith@example.com,2025-04-28,2025-04-28,1
CUST0303,Grace Garcia,grace.garcia@example.com,2025-04-28,2025-04-28,1
CUST0304,Sofia Garcia,sofia.garcia@example.com,2025-04-01,2025-04-01,1
CUST0305,Leila Patel,leila.patel@example.com,2025-04-01,2025-04-01,1
CUST0306,Isabella Davis,isabella.davis@example.com,2025-04-01,2025-04-01,1
CUST0307,Isabella Johnson,isabella.johnson@example.com,2025-04-01,2025-04-01,1
CUST0308,Jamal Smith,jamal.smith@example.com,2025-04-02,2025-04-02,1
CUST0309,Chloe Khan,chloe.khan@example.com,2025-04-03,2025-04-03,1
CUST0310,Emily Brown,emily.brown@example.com,2025-04-03,2025-04-03,1
CUST0311,Hassan Davis,hassan.davis@example.com,2025-04-03,2025-04-03,1
CUST0312,Priya Garcia,priya.garcia@example.com,2025-04-04,2025-04-04,1
CUST0313,Leila Young,leila.young@example.com,2025-04-05,2025-04-05,1
CUST0314,Linh Ramirez,linh.ramirez@example.com,2025-04-05,2025-04-05,1
CUST0315,Leila Ramirez,leila.ramirez@example.com,2025-04-06,2025-04-06,1
CUST0316,Miguel Wilson,miguel.wilson@example.com,2025-04-06,2025-04-06,1
CUST0317,Raj Wilson,raj.wilson@example.com,2025-04-07,2025-04-07,1
CUST0318,Mateo Martinez,mateo.martinez@example.com,2025-04-08,2025-04-08,1
CUST0319,Tariq Kim,tariq.kim@example.com,2025-04-08,2025-04-08,1
CUST0320,Chloe Nguyen,chloe.nguyen@example.com,2025-04-08,2025-04-08,1
CUST0321,Mei Khan,mei.khan@example.com,2025-04-09,2025-04-09,1
CUST0322,Sofia Lee,sofia.lee@example.com,2025-04-10,2025-04-10,1
CUST0323,Chloe Lopez,chloe.lopez@example.com,2025-04-10,2025-04-10,1
CUST0324,Emily Brown,emily.brown@example.com,2025-04-10,2025-04-10,1
CUST0325,Priya Garcia,priya.garcia@example.com,2025-04-11,2025-04-11,1
CUST0326,Daniel Kim,daniel.kim@example.com,2025-04-11,2025-04-11,1
CUST0327,Daniel Wang,daniel.wang@example.com,2025-04-11,2025-04-11,1
CUST0328,Leila Ramirez,leila.ramirez@example.com,2025-04-11,2025-04-11,1
CUST0329,Linh Ramirez,linh.ramirez@example.com,2025-04-11,2025-04-11,1
CUST0330,Sofia Smith,sofia.smith@example.com,2025-04-11,2025-04-11,1
CUST0331,Mei Patel,mei.patel@example.com,2025-04-11,2025-04-11,1
CUST0332,Daniel Lopez,daniel.lopez@example.com,2025-04-11,2025-04-11,1
CUST0333,Tariq Wang,tariq.wang@example.com,2025-04-11,2025-04-11,1
CUST0334,Jamal Smith,jamal.smith@example.com,2025-04-11,2025-04-11,1
CUST0335,Noah Moore,noah.moore@example.com,2025-04-11,2025-04-11,1
CUST0336,Raj Kim,raj.kim@example.com,2025-04-11,2025-04-11,1
CUST0337,Mateo Kim,mateo.kim@example.com,2025-04-11,2025-04-11,1
CUST0338,Isabella Davis,isabella.davis@example.com,2025-04-11,2025-04-11,1
CUST0339,Leila Nguyen,leila.nguyen@example.com,2025-04-11,2025-04-11,1
CUST0340,Chloe Lopez,chloe.lopez@example.com,2025-04-11,2025-04-11,1
CUST0341,Priya Wilson,priya.wilson@example.com,2025-04-11,2025-04-11,1
CUST0342,Mateo Moore,mateo.moore@example.com,2025-04-11,2025-04-11,1
CUST0343,Chloe Lopez,chloe.lopez@example.com,2025-04-11,2025-04-11,1
CUST0344,Leila Nguyen,leila.nguyen@example.com,2025-04-12,2025-04-12,1
CUST0345,Daniel Nguyen,daniel.nguyen@example.com,2025-04-12,2025-04-12,1
CUST0346,Chloe Khan,chloe.khan@example.com,2025-04-12,2025-04-12,1
CUST0347,Hassan Young,hassan.young@example.com,2025-04-12,2025-04-12,1
CUST0348,Chloe Moore,chloe.moore@example.com,2025-04-12,2025-04-12,1
CUST0349,Raj Kim,raj.kim@example.com,2025-04-12,2025-04-12,1
CUST0350,Miguel Ali,miguel.ali@example.com,2025-04-12,2025-04-12,1
CUST0351,Linh Ramirez,linh.ramirez@example.com,2025-04-12,2025-04-12,1
CUST0352,Mei Khan,mei.khan@example.com,2025-04-12,2025-04-12,1
CUST0353,Leila Patel,leila.patel@example.com,2025-04-12,2025-04-12,1
CUST0354,Hassan Young,hassan.young@example.com,2025-04-12,2025-04-12,1
CUST0355,Daniel Lopez,daniel.lopez@example.com,2025-04-12,2025-04-12,1
CUST0356,Chloe Nguyen,chloe.nguyen@example.com,2025-04-12,2025-04-12,1
CUST0357,Miguel Wilson,miguel.wilson@example.com,2025-04-12,2025-04-12,1
CUST0358,Tariq Ali,tariq.ali@example.com,2025-04-12,2025-04-12,1
CUST0359,Chloe Khan,chloe.khan@example.com,2025-04-12,2025-04-12,1
CUST0360,Mateo Moore,mateo.moore@example.com,2025-04-12,2025-04-12,1
CUST0361,Leila Brown,leila.brown@example.com,2025-04-12,2025-04-12,1
CUST0362,Jamal Moore,jamal.moore@example.com,2025-04-12,2025-04-12,1
CUST0363,Hassan Kim,hassan.kim@example.com,2025-04-13,2025-04-13,1
CUST0364,Linh Ramirez,linh.ramirez@example.com,2025-04-13,2025-04-13,1
CUST0365,Leila Moore,leila.moore@example.com,2025-04-13,2025-04-13,1
CUST0366,Daniel Nguyen,daniel.nguyen@example.com,2025-04-13,2025-04-13,1
CUST0367,Daniel Lopez,daniel.lopez@example.com,2025-04-13,2025-04-13,1
CUST0368,Miguel Smith,miguel.smith@example.com,2025-04-13,2025-04-13,1
CUST0369,Mateo Wang,mateo.wang@example.com,2025-04-13,2025-04-13,1
CUST0370,Mei Patel,mei.patel@example.com,2025-04-13,2025-04-13,1
CUST0371,Chloe Smith,chloe.smith@example.com,2025-04-13,2025-04-13,1
CUST0372,Isabella Anderson,isabella.anderson@example.com,2025-04-13,2025-04-13,1
CUST0373,Miguel Ali,miguel.ali@example.com,2025-04-13,2025-04-13,1
CUST0374,Isabella Anderson,isabella.anderson@example.com,2025-04-13,2025-04-13,1
CUST0375,Chloe Khan,chloe.khan@example.com,2025-04-14,2025-04-14,1
CUST0376,Raj Wilson,raj.wilson@example.com,2025-04-14,2025-04-14,1
CUST0377,Chloe Smith,chloe.smith@example.com,2025-04-14,2025-04-14,1
CUST0378,Chloe Moore,chloe.moore@example.com,2025-04-14,2025-04-14,1
CUST0379,Mateo Kim,mateo.kim@example.com,2025-04-14,2025-04-14,1
CUST0380,Sofia Smith,sofia.smith@example.com,2025-04-14,2025-04-14,1
CUST0381,Mateo Khan,mateo.khan@example.com,2025-04-14,2025-04-14,1
CUST0382,Linh Ramirez,linh.ramirez@example.com,2025-04-14,2025-04-14,1
CUST0383,Jamal Smith,jamal.smith@example.com,2025-04-14,2025-04-14,1
CUST0384,Aisha Davis,aisha.davis@example.com,2025-04-14,2025-04-14,1
CUST0385,Tariq Lee,tariq.lee@example.com,2025-04-14,2025-04-14,1
CUST0386,Grace Martinez,grace.martinez@example.com,2025-04-14,2025-04-14,1
CUST0387,Hassan Johnson,hassan.johnson@example.com,2025-04-15,2025-04-15,1
CUST0388,Sofia Garcia,sofia.garcia@example.com,2025-04-15,2025-04-15,1
CUST0389,Jamal Smith,jamal.smith@example.com,2025-04-15,2025-04-15,1
CUST0390,Daniel Lopez,daniel.lopez@example.com,2025-04-15,2025-04-15,1
CUST0391,Mateo Kim,mateo.kim@example.com,2025-04-15,2025-04-15,1
CUST0392,Daniel Nguyen,daniel.nguyen@example.com,2025-04-15,2025-04-15,1
CUST0393,Noah Moore,noah.moore@example.com,2025-04-15,2025-04-15,1
CUST0394,Isabella Lee,isabella.lee@example.com,2025-04-15,2025-04-15,1
CUST0395,Daniel Nguyen,daniel.nguyen@example.com,2025-04-15,2025-04-15,1
CUST0396,Daniel Wang,daniel.wang@example.com,2025-04-15,2025-04-15,1
CUST0397,Tariq Lee,tariq.lee@example.com,2025-04-15,2025-04-15,1
CUST0398,Leila Patel,leila.patel@example.com,2025-04-15,2025-04-15,1
CUST0399,Leila Nguyen,leila.nguyen@example.com,2025-04-15,2025-04-15,1
CUST0400,Chloe Moore,chloe.moore@example.com,2025-04-15,2025-04-15,1
CUST0401,Isabella Johnson,isabella.johnson@example.com,2025-04-15,2025-04-15,1
CUST0402,Grace Khan,grace.khan@example.com,2025-04-15,2025-04-15,1
CUST0403,Leila Nguyen,leila.nguyen@example.com,2025-04-16,2025-04-16,1
CUST0404,Noah Anderson,noah.anderson@example.com,2025-04-16,2025-04-16,1
CUST0405,Leila Moore,leila.moore@example.com,2025-04-16,2025-04-16,1
CUST0406,Tariq Wang,tariq.wang@example.com,2025-04-16,2025-04-16,1
CUST0407,Hassan Davis,hassan.davis@example.com,2025-04-16,2025-04-16,1
CUST0408,Aisha Ramirez,aisha.ramirez@example.com,2025-04-16,2025-04-16,1
CUST0409,Mateo Nguyen,mateo.nguyen@example.com,2025-04-16,2025-04-16,1
CUST0410,Raj Wang,raj.wang@example.com,2025-04-16,2025-04-16,1
CUST0411,Daniel Lopez,daniel.lopez@example.com,2025-04-16,2025-04-16,1
CUST0412,Leila Chen,leila.chen@example.com,2025-04-16,2025-04-16,1
CUST0413,Noah Anderson,noah.anderson@example.com,2025-04-16,2025-04-16,1
CUST0414,Hassan Young,hassan.young@example.com,2025-04-16,2025-04-16,1
CUST0415,Daniel Wang,daniel.wang@example.com,2025-04-16,2025-04-16,1
CUST0416,Tariq Wang,tariq.wang@example.com,2025-04-16,2025-04-16,1
CUST0417,Isabella Davis,isabella.davis@example.com,2025-04-16,2025-04-16,1
CUST0418,Jamal Smith,jamal.smith@example.com,2025-04-16,2025-04-16,1
CUST0419,Aisha Ramirez,aisha.ramirez@example.com,2025-04-16,2025-04-16,1
CUST0420,Linh Ramirez,linh.ramirez@example.com,2025-04-16,2025-04-16,1
CUST0421,Priya Wilson,priya.wilson@example.com,2025-04-16,2025-04-16,1
CUST0422,Noah Wang,noah.wang@example.com,2025-04-16,2025-04-16,1
CUST0423,Jin Ramirez,jin.ramirez@example.com,2025-04-16,2025-04-16,1
CUST0424,Emily Kim,emily.kim@example.com,2025-04-17,2025-04-17,1
CUST0425,Linh Ramirez,linh.ramirez@example.com,2025-04-17,2025-04-17,1
CUST0426,Mateo Wang,mateo.wang@example.com,2025-04-17,2025-04-17,1
CUST0427,Kenji Kim,kenji.kim@example.com,2025-04-17,2025-04-17,1
CUST0428,Miguel Davis,miguel.davis@example.com,2025-04-17,2025-04-17,1
CUST0429,Kenji Wilson,kenji.wilson@example.com,2025-04-17,2025-04-17,1
CUST0430,Isabella Anderson,isabella.anderson@example.com,2025-04-17,2025-04-17,1
CUST0431,Leila Moore,leila.moore@example.com,2025-04-17,2025-04-17,1
CUST0432,Emily Kim,emily.kim@example.com,2025-04-17,2025-04-17,1
CUST0433,Leila Ramirez,leila.ramirez@example.com,2025-04-17,2025-04-17,1
CUST0434,Hassan Young,hassan.young@example.com,2025-04-17,2025-04-17,1
CUST0435,Mei Patel,mei.patel@example.com,2025-04-17,2025-04-17,1
CUST0436,Raj Wang,raj.wang@example.com,2025-04-17,2025-04-17,1
CUST0437,Priya Lee,priya.lee@example.com,2025-04-17,2025-04-17,1
CUST0438,Noah Wang,noah.wang@example.com,2025-04-17,2025-04-17,1
CUST0439,Chloe Moore,chloe.moore@example.com,2025-04-17,2025-04-17,1
CUST0440,Leila Young,leila.young@example.com,2025-04-17,2025-04-17,1
CUST0441,Tariq Lee,tariq.lee@example.com,2025-04-17,2025-04-17,1
CUST0442,Aisha Ramirez,aisha.ramirez@example.com,2025-04-18,2025-04-18,1
CUST0443,Chloe Lopez,chloe.lopez@example.com,2025-04-18,2025-04-18,1
CUST0444,Sofia Garcia,sofia.garcia@example.com,2025-04-18,2025-04-18,1
CUST0445,Noah Anderson,noah.anderson@example.com,2025-04-18,2025-04-18,1
CUST0446,Raj Kim,raj.kim@example.com,2025-04-18,2025-04-18,1
CUST0447,Mateo Khan,mateo.khan@example.com,2025-04-18,2025-04-18,1
CUST0448,Priya Lee,priya.lee@example.com,2025-04-18,2025-04-18,1
CUST0449,Hassan Kim,hassan.kim@example.com,2025-04-18,2025-04-18,1
CUST0450,Isabella Davis,isabella.davis@example.com,2025-04-18,2025-04-18,1
CUST0451,Tariq Wang,tariq.wang@example.com,2025-04-18,2025-04-18,1
CUST0452,Kenji Kim,kenji.kim@example.com,2025-04-18,2025-04-18,1
CUST0453,Raj Wang,raj.wang@example.com,2025-04-18,2025-04-18,1
CUST0454,Hassan Ali,hassan.ali@example.com,2025-04-18,2025-04-18,1
CUST0455,Kenji Kim,kenji.kim@example.com,2025-04-18,2025-04-18,1
CUST0456,Priya Garcia,priya.garcia@example.com,2025-04-18,2025-04-18,1
CUST0457,Noah Moore,noah.moore@example.com,2025-04-19,2025-04-19,1
CUST0458,Priya Lee,priya.lee@example.com,2025-04-19,2025-04-19,1
CUST0459,Hassan Kim,hassan.kim@example.com,2025-04-19,2025-04-19,1
CUST0460,Miguel Smith,miguel.smith@example.com,2025-04-19,2025-04-19,1
CUST0461,Leila Young,leila.young@example.com,2025-04-19,2025-04-19,1
CUST0462,Chloe Smith,chloe.smith@example.com,2025-04-19,2025-04-19,1
CUST0463,Leila Patel,leila.patel@example.com,2025-04-19,2025-04-19,1
CUST0464,Hassan Ali,hassan.ali@example.com,2025-04-19,2025-04-19,1
CUST0465,Raj Martinez,raj.martinez@example.com,2025-04-19,2025-04-19,1
CUST0466,Chloe Nguyen,chloe.nguyen@example.com,2025-04-19,2025-04-19,1
CUST0467,Noah Moore,noah.moore@example.com,2025-04-19,2025-04-19,1
CUST0468,Mateo Kim,mateo.kim@example.com,2025-04-19,2025-04-19,1
CUST0469,Kenji Wilson,kenji.wilson@example.com,2025-04-19,2025-04-19,1
CUST0470,Aisha Davis,aisha.davis@example.com,2025-04-19,2025-04-19,1
CUST0471,Emily Kim,emily.kim@example.com,2025-04-19,2025-04-19,1
CUST0472,Miguel Smith,miguel.smith@example.com,2025-04-20,2025-04-20,1
CUST0473,Isabella Lee,isabella.lee@example.com,2025-04-20,2025-04-20,1
CUST0474,Hassan Young,hassan.young@example.com,2025-04-20,2025-04-20,1
CUST0475,Hassan Kim,hassan.kim@example.com,2025-04-20,2025-04-20,1
CUST0476,Linh Ramirez,linh.ramirez@example.com,2025-04-20,2025-04-20,1
CUST0477,Noah Moore,noah.moore@example.com,2025-04-20,2025-04-20,1
CUST0478,Noah Wang,noah.wang@example.com,2025-04-20,2025-04-20,1
CUST0479,Leila Brown,leila.brown@example.com,2025-04-20,2025-04-20,1
CUST0480,Noah Garcia,noah.garcia@example.com,2025-04-20,2025-04-20,1
CUST0481,Tariq Kim,tariq.kim@example.com,2025-04-20,2025-04-20,1
CUST0482,Isabella Anderson,isabella.anderson@example.com,2025-04-20,2025-04-20,1
CUST0483,Leila Patel,leila.patel@example.com,2025-04-20,2025-04-20,1
CUST0484,Chloe Lopez,chloe.lopez@example.com,2025-04-20,2025-04-20,1
CUST0485,Leila Patel,leila.patel@example.com,2025-04-20,2025-04-20,1
CUST0486,Daniel Lopez,daniel.lopez@example.com,2025-04-20,2025-04-20,1
CUST0487,Priya Lee,priya.lee@example.com,2025-04-20,2025-04-20,1
CUST0488,Priya Lee,priya.lee@example.com,2025-04-21,2025-04-21,1
CUST0489,Daniel Nguyen,daniel.nguyen@example.com,2025-04-21,2025-04-21,1
CUST0490,Jamal Anderson,jamal.anderson@example.com,2025-04-21,2025-04-21,1
CUST0491,Isabella Johnson,isabella.johnson@example.com,2025-04-21,2025-04-21,1
CUST0492,Jamal Martinez,jamal.martinez@example.com,2025-04-21,2025-04-21,1
CUST0493,Grace Martinez,grace.martinez@example.com,2025-04-21,2025-04-21,1
CUST0494,Tariq Wang,tariq.wang@example.com,2025-04-21,2025-04-21,1
CUST0495,Daniel Lopez,daniel.lopez@example.com,2025-04-21,2025-04-21,1
CUST0496,Linh Ramirez,linh.ramirez@example.com,2025-04-21,2025-04-21,1
CUST0497,Daniel Lopez,daniel.lopez@example.com,2025-04-21,2025-04-21,1
CUST0498,Aisha Ramirez,aisha.ramirez@example.com,2025-04-21,2025-04-21,1
CUST0499,Mateo Smith,mateo.smith@example.com,2025-04-21,2025-04-21,1
CUST0500,Daniel Lopez,daniel.lopez@example.com,2025-04-21,2025-04-21,1
CUST0501,Chloe Lopez,chloe.lopez@example.com,2025-04-22,2025-04-22,1
CUST0502,Leila Young,leila.young@example.com,2025-04-22,2025-04-22,1
CUST0503,Jamal Ali,jamal.ali@example.com,2025-04-22,2025-04-22,1
CUST0504,Mei Patel,mei.patel@example.com,2025-04-22,2025-04-22,1
CUST0505,Raj Wilson,raj.wilson@example.com,2025-04-22,2025-04-22,1
CUST0506,Leila Patel,leila.patel@example.com,2025-04-22,2025-04-22,1
CUST0507,Aisha Brown,aisha.brown@example.com,2025-04-22,2025-04-22,1
CUST0508,Hassan Davis,hassan.davis@example.com,2025-04-22,2025-04-22,1
CUST0509,Aisha Ramirez,aisha.ramirez@example.com,2025-04-22,2025-04-22,1
CUST0510,Mei Khan,mei.khan@example.com,2025-04-22,2025-04-22,1
CUST0511,Kenji Wilson,kenji.wilson@example.com,2025-04-22,2025-04-22,1
CUST0512,Emily Brown,emily.brown@example.com,2025-04-22,2025-04-22,1
CUST0513,Noah Moore,noah.moore@example.com,2025-04-22,2025-04-22,1
CUST0514,Grace Smith,grace.smith@example.com,2025-04-22,2025-04-22,1
CUST0515,Jin Ramirez,jin.ramirez@example.com,2025-04-23,2025-04-23,1
CUST0516,Daniel Nguyen,daniel.nguyen@example.com,2025-04-23,2025-04-23,1
CUST0517,Mateo Martinez,mateo.martinez@example.com,2025-04-23,2025-04-23,1
CUST0518,Priya Lee,priya.lee@example.com,2025-04-23,2025-04-23,1
CUST0519,Priya Garcia,priya.garcia@example.com,2025-04-23,2025-04-23,1
CUST0520,Aisha Brown,aisha.brown@example.com,2025-04-23,2025-04-23,1
CUST0521,Chloe Wilson,chloe.wilson@example.com,2025-04-23,2025-04-23,1
CUST0522,Isabella Johnson,isabella.johnson@example.com,2025-04-23,2025-04-23,1
CUST0523,Priya Wilson,priya.wilson@example.com,2025-04-23,2025-04-23,1
CUST0524,Leila Moore,leila.moore@example.com,2025-04-23,2025-04-23,1
CUST0525,Grace Khan,grace.khan@example.com,2025-04-23,2025-04-23,1
CUST0526,Kenji Davis,kenji.davis@example.com,2025-04-23,2025-04-23,1
CUST0527,Kenji Wilson,kenji.wilson@example.com,2025-04-23,2025-04-23,1
